{
    "DE_BEST_Ackley": {
        "average_best": [
            -10.019322459356111,
            9.469510070954424
        ],
        "average_fitness": 10.112197741301351
    },
    "DE_RANDOM_Ackley": {
        "average_best": [
            -4.808967389392876,
            -2.248511825121206
        ],
        "average_fitness": 6.211545506445284
    },
    "DE_BEST_Happy Cat": {
        "average_best": [
            0.6327062104802271,
            0.32027568342050755
        ],
        "average_fitness": 41.13235699081979
    },
    "DE_RANDOM_Happy Cat": {
        "average_best": [
            -0.9999791656126613,
            -1.000020804041139
        ],
        "average_fitness": 1.906059056884975e-08
    },
    "DE_BEST_Michalewicz": {
        "average_best": [
            -17.737931085996696,
            -7.532143537518132
        ],
        "average_fitness": -1.403232583920079
    },
    "DE_RANDOM_Michalewicz": {
        "average_best": [
            -26.366416015434368,
            -4.416246891704388
        ],
        "average_fitness": -1.7286269998644264
    },
    "DE_BEST_Periodic": {
        "average_best": [
            -6.199501917992571,
            0.050359322206538576
        ],
        "average_fitness": 1.0334560500919696
    },
    "DE_RANDOM_Periodic": {
        "average_best": [
            -4.803852816595221,
            -10.661583055178339
        ],
        "average_fitness": 1.0061033132232406
    },
    "DE_BEST_Perm d, beta": {
        "average_best": [
            1.3555151218344814,
            0.3312525361167237
        ],
        "average_fitness": 21323.5215993449
    },
    "DE_RANDOM_Perm d, beta": {
        "average_best": [
            1.384615384615383,
            1.5384615384615468
        ],
        "average_fitness": 7.056360797201951e-29
    },
    "DE_BEST_Qing": {
        "average_best": [
            2.326800946404661,
            0.5069045916270422
        ],
        "average_fitness": 13219.37710023267
    },
    "DE_RANDOM_Qing": {
        "average_best": [
            -0.26666666598802874,
            0.09467398492477201
        ],
        "average_fitness": 3.739285862759127e-05
    },
    "DE_BEST_Quartic": {
        "average_best": [
            -1.021186149009389,
            -0.6436828249497518
        ],
        "average_fitness": 3976.2875576564916
    },
    "DE_RANDOM_Quartic": {
        "average_best": [
            0.0016069257180504337,
            0.0113377344151156
        ],
        "average_fitness": 0.001157671607349282
    },
    "DE_BEST_Rastrigin": {
        "average_best": [
            0.8163727869712952,
            -0.17657928763719183
        ],
        "average_fitness": 19.809823101745007
    },
    "DE_RANDOM_Rastrigin": {
        "average_best": [
            -1.9302698698690318e-10,
            0.03316528817980498
        ],
        "average_fitness": 0.2321571133217676
    },
    "DE_BEST_Rosenbrock": {
        "average_best": [
            -1.7475426404669827,
            21.452256951910407
        ],
        "average_fitness": 8196.624441477377
    },
    "DE_RANDOM_Rosenbrock": {
        "average_best": [
            1.0026636940961215,
            1.0654332131652604
        ],
        "average_fitness": 0.06704190907590209
    },
    "DE_BEST_Salomon": {
        "average_best": [
            -0.4129889646667408,
            -0.8366959597237681
        ],
        "average_fitness": 0.5291142409916917
    },
    "DE_RANDOM_Salomon": {
        "average_best": [
            -0.04477003241462209,
            -0.013094722895728713
        ],
        "average_fitness": 0.08133702261262798
    },
    "DE_BEST_Schwefel": {
        "average_best": [
            28.47831501686699,
            28.233262847026744
        ],
        "average_fitness": 731.9077498990326
    },
    "DE_RANDOM_Schwefel": {
        "average_best": [
            4.6207426778848,
            4.770145790572781
        ],
        "average_fitness": 718.5151640302545
    },
    "DE_BEST_Shubert": {
        "average_best": [
            1.3822189407232783,
            23.62495504770432
        ],
        "average_fitness": -12.005743447520969
    },
    "DE_RANDOM_Shubert": {
        "average_best": [
            2.8736716915830622,
            20.690292093543608
        ],
        "average_fitness": -14.627073613016721
    },
    "DE_BEST_Shubert N. 3": {
        "average_best": [
            -6.700959536395401,
            -11.194518124119195
        ],
        "average_fitness": -25.52373739699387
    },
    "DE_RANDOM_Shubert N. 3": {
        "average_best": [
            -19.7547682747281,
            4.333786471852002
        ],
        "average_fitness": -29.605829798656956
    },
    "DE_BEST_Shubert N. 4": {
        "average_best": [
            8.624867336729169,
            5.470059825229165
        ],
        "average_fitness": -21.76363429580612
    },
    "DE_RANDOM_Shubert N. 4": {
        "average_best": [
            6.11918021725277,
            -16.71254907305717
        ],
        "average_fitness": -25.575881166908378
    },
    "DE_BEST_Styblinski Tank": {
        "average_best": [
            -0.2620987888132371,
            -0.6602267067266662
        ],
        "average_fitness": -20.00489859565007
    },
    "DE_RANDOM_Styblinski Tank": {
        "average_best": [
            -2.715189465959944,
            -2.5268449083406677
        ],
        "average_fitness": -76.91865950269408
    },
    "DE_BEST_Thevenot": {
        "average_best": [
            -7.248362999295305,
            -7.683838703750494
        ],
        "average_fitness": -0.29934911931821684
    },
    "DE_RANDOM_Thevenot": {
        "average_best": [
            -5.550030233825059,
            -8.685874478493014
        ],
        "average_fitness": -1.7303407758476723
    },
    "DE_BEST_CustomFunction": {
        "average_best": [
            -0.6494726439362566,
            -0.07980277979386206
        ],
        "average_fitness": 12.03717831286869
    },
    "DE_RANDOM_CustomFunction": {
        "average_best": [
            -0.05243673839052671,
            -0.047307130114972534
        ],
        "average_fitness": 0.050268429678353384
    },
    "DE_BEST_CustomFunction2": {
        "average_best": [
            -0.8600193520494434,
            1.171510158702634
        ],
        "average_fitness": 34.608203296929645
    },
    "DE_RANDOM_CustomFunction2": {
        "average_best": [
            -0.7390851342846971,
            -0.7390851338723181
        ],
        "average_fitness": -0.8009772242267583
    },
    "DE_BEST_CustomFunction3": {
        "average_best": [
            -6.425704616446234,
            8.7254730349239
        ],
        "average_fitness": 1.0003847043490244
    },
    "DE_RANDOM_CustomFunction3": {
        "average_best": [
            -0.4645359364332004,
            8.33097421598106
        ],
        "average_fitness": 1.0000350964782243
    },
    "DE_BEST_CustomFunction4": {
        "average_best": [
            -41.44217858182764,
            -65.68086023229255
        ],
        "average_fitness": -0.9993567128802033
    },
    "DE_RANDOM_CustomFunction4": {
        "average_best": [
            -60.791066042029705,
            -63.61985692265538
        ],
        "average_fitness": -0.9998813351388516
    },
    "DE_BEST_CustomFunction5": {
        "average_best": [
            18.656183044359256,
            7.979885241267937
        ],
        "average_fitness": -2.81964617656309
    },
    "DE_RANDOM_CustomFunction5": {
        "average_best": [
            4.184905177697866,
            -1.5523820554436838
        ],
        "average_fitness": -2.90709955589366
    },