{
    "PSO_Ackley": {
        "average_best": [
            9.101832201451039,
            19.182184568373227,
            -77.44716211978829,
            -33.9980065207998,
            -206.15386263728942,
            58.67258857411494,
            0.5442110870910578,
            18.81527771398844,
            17.35740028686319,
            -20.566068696803534
        ],
        "average_fitness": 19.490491516689055
    },
    "PSO_Happy Cat": {
        "average_best": [
            -0.970580215961609,
            -0.9935784397672938,
            -0.9536343126303115,
            -1.011142910059864,
            -0.9881742160296683,
            -1.0082765865653673,
            -0.995590119592204,
            -0.9796629565797524,
            -1.048136312417918,
            -0.9554288977015646
        ],
        "average_fitness": 0.010684727610642266
    },
    "PSO_Michalewicz": {
        "average_best": [
            239.2527137351966,
            15.793815692273052,
            12.882040231492494,
            -2.237701136137673,
            19.801927570466543,
            0.702963260599527,
            92.52715629678737,
            -54.33455385659007,
            -8.685154158558397,
            13.982980469045502
        ],
        "average_fitness": -5.320544533591455
    },
    "PSO_Periodic": {
        "average_best": [
            -38.45229318873885,
            41.87513228713581,
            -14.346496848636441,
            41.229112954583755,
            -43.97182615408351,
            -13.28498394216176,
            48.39115165159088,
            -29.20196340290582,
            105.86609785369198,
            152.36383395812783
        ],
        "average_fitness": 1.1717144115853775
    },
    "PSO_Perm d, beta": {
        "average_best": [
            -2.8779225334957337,
            -3.522123160077369,
            -1.5292115027555726,
            -1.3041048560611506,
            0.04100715495565114,
            1.3412143160940537,
            -1.0796555897203939,
            0.19198684435337782,
            9.869826261278082,
            1.8812421133090163
        ],
        "average_fitness": 2.0359119620605388e+29
    },
    "PSO_Qing": {
        "average_best": [
            1.700978376669345e-09,
            5.045108627162638e-10,
            -0.2309401057279604,
            -3.826596831994304e-09,
            0.298142392970812,
            -0.4898979502958815,
            0.17638342352043837,
            9.265028004061074e-10,
            1.2457777328241568e-09,
            -0.6324555325228973
        ],
        "average_fitness": 2.9962998512096077e-14
    },
    "PSO_Quartic": {
        "average_best": [
            0.013671957293654844,
            -0.017795112936584773,
            0.010095315602980144,
            -0.015596009462150522,
            -0.003654508039101133,
            0.02547307364182894,
            -0.0004284639630171288,
            -0.01372631089065773,
            -0.018158651230978314,
            -0.006397788284120435
        ],
        "average_fitness": 0.0041811147312987695
    },
    "PSO_Rastrigin": {
        "average_best": [
            -0.0663294805702067,
            0.3648167848300858,
            0.06632802042804047,
            0.1326602914452948,
            -0.19899205040839557,
            -0.331653482668834,
            -0.09949726330593991,
            -0.19899040909750337,
            -0.364814464210497,
            0.19899142861320993
        ],
        "average_fitness": 10.380720008926911
    },
    "PSO_Rosenbrock": {
        "average_best": [
            0.3500842006166331,
            0.8583187416389212,
            0.779190583808654,
            0.6790749063043264,
            0.5537101350653866,
            0.4898660962567641,
            0.4114322921102208,
            1.0688827589426473,
            2.7629557202564134,
            26.612585078960475
        ],
        "average_fitness": 61.512669896530916
    },
    "PSO_Salomon": {
        "average_best": [
            -0.11209118270185983,
            0.052399052422407104,
            0.006108458918751128,
            -0.03709330852888545,
            0.25953890577341626,
            -0.01933279204182652,
            -0.0866963196660672,
            0.04188821511307739,
            0.07420130957761081,
            -0.23520632744158687
        ],
        "average_fitness": 0.15988355740380858
    },
    "PSO_Schwefel": {
        "average_best": [
            -2.2692597293682073e+78,
            5.581349666930691e+78,
            1.6896861926012734e+79,
            -2.752238394944035e+77,
            -1.6544884206195624e+75,
            2.0653454941876658e+79,
            -1.4787680096700623e+77,
            3.762987106479674e+80,
            8.247380673434027e+76,
            -1.05639241719826e+78
        ],
        "average_fitness": -4.195492754023943e+80
    },
    "PSO_Shubert": {
        "average_best": [
            8.153833665341716,
            -31.71249635477197,
            29.388517664074957,
            -2.660909011409353,
            -4.833391540094889,
            79.60027580707109,
            -3.5014743383849796,
            52.55979248897229,
            33.88565728881058,
            -33.56164797073162
        ],
        "average_fitness": -1709829.797777511
    },
    "PSO_Shubert N. 3": {
        "average_best": [
            -34.923228073042566,
            68.12415613709055,
            -17.205504399188417,
            63.68454644808738,
            5.015551295036407,
            27.56744247109226,
            73.0942140544038,
            91.20990725291453,
            -71.36840416295473,
            -11.637564382232641
        ],
        "average_fitness": -126.1505135896375
    },
    "PSO_Shubert N. 4": {
        "average_best": [
            44.883777133740196,
            13.925493501760993,
            45.25407201993149,
            -60.916475778826474,
            18.831540054153628,
            -39.028028105945985,
            -6.702039164387776,
            -10.135027726380098,
            247.51203009536823,
            -31.940439343732535
        ],
        "average_fitness": -109.99429662885979
    },
    "PSO_Styblinski Tank": {
        "average_best": [
            -2.150155781918137,
            -2.338500352231066,
            -1.5851221092998846,
            -1.7734666663477228,
            -1.9618112280547675,
            -1.9618112334272069,
            -1.5851221200370604,
            -2.1501557913284506,
            -1.2084329891997816,
            -1.9618112089915527
        ],
        "average_fitness": -365.7443387821538
    },
    "PSO_Thevenot": {
        "average_best": [
            11.137767685785906,
            2.439034572770687,
            9.79073173338509,
            2.896509773270111,
            5.932441061898173,
            15.247309009136634,
            -7.26115126442318,
            -15.731764388644505,
            10.688706031966092,
            -5.3744944489277025
        ],
        "average_fitness": 0.0
    },
    "PSO_CustomFunction": {
        "average_best": [
            0.013298530294456967,
            0.014246990417693504,
            0.014766743240456825,
            0.01259333425397304,
            0.012458119042479593,
            0.012987081104694553,
            0.014584891314314818,
            0.012486754998404199,
            0.01347770379535131,
            0.013451655960715049
        ],
        "average_fitness": 0.026801790316897348
    },