{
  "DE_BEST_Ackley": {
    "average_best": [
      3.127182358554225,
      2.838765069121698,
      -13.605870437445533,
      -28.939676041836393,
      -10.725344421467112,
      -19.265445710665343,
      -1.7121903514325558,
      16.856737088936622,
      15.135072696971339,
      9.537006019133534
    ],
    "average_fitness": 20.06462727666238
  },
  "DE_BEST_Happy Cat": {
    "average_best": [
      -0.1660104574598833,
      -0.2066641378339251,
      -0.06509637989568423,
      -0.15459400526853245,
      0.5499385008196053,
      -0.08907734159820582,
      -0.03912700295725007,
      -0.3931483870879442,
      0.4093536936121486,
      -0.7191647776043969
    ],
    "average_fitness": 49.40559032103094
  },
  "DE_BEST_Michalewicz": {
    "average_best": [
      13.134393932177506,
      -9.712490450085694,
      -4.144600668390345,
      -21.383774101685468,
      -14.623998286859432,
      13.009423721490908,
      8.674277700986883,
      3.2824124177524334,
      -14.621144100284853,
      4.923632900258769
    ],
    "average_fitness": -6.058592345766768
  },
  "DE_BEST_Periodic": {
    "average_best": [
      3.6924645432469365,
      -18.091734938870186,
      3.8967302714147256,
      -5.540879839517271,
      11.43661002281769,
      8.089603983547908,
      5.9632650072989435,
      -19.93099570997463,
      -27.86400273801378,
      -16.922393797194054
    ],
    "average_fitness": 1.9137355531118783
  },
  "DE_BEST_Perm d, beta": {
    "average_best": [
      0.21421371975394313,
      -0.8683612291897878,
      2.5398772144778747,
      -0.34705221284681137,
      0.42957205952697,
      -2.2370645063564427,
      0.9153281397852008,
      2.7325206582267745,
      -2.1778145917701064,
      1.0405848504613775
    ],
    "average_fitness": 4.207044928140741e+27
  },
  "DE_BEST_Qing": {
    "average_best": [
      -0.334294964069773,
      0.10960315598721024,
      -0.4532282075133637,
      0.0015073510450790196,
      0.5527934620921456,
      -0.2045155337855623,
      -0.33603798552740044,
      -1.0435895193878173,
      0.8377415116615452,
      1.068359938373393
    ],
    "average_fitness": 4364.385999189238
  },
  "DE_BEST_Quartic": {
    "average_best": [
      -0.7526395032020706,
      0.5117899041283205,
      0.5474133027299629,
      0.32271912754248483,
      -0.36478813035123825,
      -0.44681263466742205,
      0.0599862412217405,
      -0.32550745418999677,
      0.4863388292055092,
      0.4043502628384071
    ],
    "average_fitness": 110756.28418321557
  },
  "DE_BEST_Rastrigin": {
    "average_best": [
      0.11886029927971957,
      -1.0970325653675275,
      -0.1341856647258903,
      -2.556148616986704,
      0.9892626809313166,
      0.10265593469182571,
      1.9513870589069497,
      1.9912378765506067,
      -1.124123724100882,
      -1.421137737171973
    ],
    "average_fitness": 1113.7052848151875
  },
  "DE_BEST_Rosenbrock": {
    "average_best": [
      0.07040373496678284,
      0.25609913887094393,
      0.7239494473507444,
      0.647038157588429,
      0.37776242403022214,
      1.2402187883199034,
      1.0023298724900216,
      0.6912118633289344,
      3.0130660418973485,
      36.71519851433116
    ],
    "average_fitness": 365109.4865303326
  },
  "DE_BEST_Salomon": {
    "average_best": [
      4.042105352711695,
      2.084463846465317,
      4.971304487972763,
      -1.2102770891551642,
      -6.589928274127832,
      1.3548748838060676,
      -1.0805028851278076,
      3.25417956642054,
      -2.6104130417685285,
      0.0862700588169441
    ],
    "average_fitness": 5.429873345846827
  },
  "DE_BEST_Schwefel": {
    "average_best": [
      3.20540982741642,
      26.836728367523293,
      6.8949714553004675,
      22.27263448741784,
      7.129752430277913,
      28.027626112298595,
      10.718558877217454,
      16.253971913082815,
      12.315357801369068,
      19.12895974644038
    ],
    "average_fitness": 3691.062938148932
  },
  "DE_BEST_Shubert": {
    "average_best": [
      -16.400308855004926,
      2.209816874016189,
      18.588403860415077,
      6.143399789348065,
      -10.594923091309198,
      4.614423876721141,
      17.301164675553988,
      -5.445881490457082,
      8.67124330965564,
      15.808809441586307
    ],
    "average_fitness": -113964.3705499581
  },
  "DE_BEST_Shubert N. 3": {
    "average_best": [
      3.6723090976980868,
      4.18182029342499,
      -8.785452501035962,
      0.8994920643336802,
      15.110795490027991,
      -5.036824088634406,
      -10.365864405982316,
      -8.130018167581794,
      0.7749759807227942,
      -15.37732229397766
    ],
    "average_fitness": -97.93578607096195
  },
  "DE_BEST_Shubert N. 4": {
    "average_best": [
      -0.20092408907309883,
      3.3232552425229938,
      -26.422740439019755,
      12.280555946595303,
      9.162951558211425,
      -6.695201033338319,
      9.164503675057695,
      -11.300022639554932,
      -8.024951630148873,
      2.416267938592326
    ],
    "average_fitness": -88.06621932826879
  },
  "DE_BEST_Styblinski Tank": {
    "average_best": [
      -0.1324335961363469,
      -0.6786538018987363,
      -0.5267232429992376,
      0.045181776598194764,
      0.13948075650323943,
      -0.1304441614729991,
      0.7438564300086611,
      -0.15541381389306916,
      1.065620662428233,
      0.6815640285993453
    ],
    "average_fitness": 10445.428346416822
  },
  "DE_BEST_Thevenot": {
    "average_best": [
      5.101546059150032,
      -10.57350582805746,
      16.643996391120965,
      2.0821619665009554,
      2.8144899700147024,
      1.2096200625619304,
      15.388644863334134,
      -2.912244212885447,
      0.5574007195594102,
      7.342197571817239
    ],
    "average_fitness": 0.0
  },
  "DE_BEST_CustomFunction": {
    "average_best": [
      -0.18822002658494671,
      0.16994548221963632,
      0.759207491908063,
      0.49451913929217806,
      -1.5472008981404641,
      0.30314401438899663,
      0.39052368372593094,
      -0.7152151437463445,
      0.4733905667903315,
      -0.8767615701384812
    ],
    "average_fitness": 322.58826060658834
  },
  "DE_BEST_CustomFunction2": {
    "average_best": [
      -0.29768007967915744,
      -1.5553125741608165,
      -0.3114196869883069,
      0.12567265789153434,
      -0.6657873657517247,
      -0.1912803677686815,
      -0.8344553572298011,
      -0.7591227873434377,
      -0.8184888739796766,
      -0.7183573987216894
    ],
    "average_fitness": 51.80572436853524
  },
  "DE_BEST_CustomFunction3": {
    "average_best": [
      -11.63079928780268,
      -6.98095535766218,
      8.994956353004108,
      -6.663715612465791,
      0.10123119977618131,
      3.0559910635881233,
      0.4408653827395791,
      -5.633457977068366,
      7.569439332822103,
      -6.887062306469683
    ],
    "average_fitness": 1.0000004007038121
  },
  "DE_BEST_CustomFunction4": {
    "average_best": [
      -47.0107226187984,
      -50.88225235005222,
      -52.51211407524415,
      -49.879033892489396,
      -50.40957101032638,
      -37.924661504826275,
      -53.11799608144893,
      -49.11716243082602,
      -52.4547391558937,
      -46.94738171131603
    ],
    "average_fitness": -0.9999136451238662
  },
  "DE_BEST_CustomFunction5": {
    "average_best": [
      -11.184671234925549,
      -1.0855395527439915,
      -2.7466456826679564,
      5.769077016843479,
      2.4379119073900157,
      19.712913099488603,
      1.5862719665686533,
      -37.804051946415804,
      1.19167387846372,
      -2.7148610928326007
    ],
    "average_fitness": -9.564876905530697
  },