{
  "DE_RANDOM_Ackley": {
    "average_best": [
      3.789561257387201e-15,
      4.266666666666665,
      14.66666666666667,
      -13.066666666666665,
      -9.6,
      14.400000000000004,
      1.5999999999999943,
      -17.866666666666664,
      -9.333333333333341,
      -2.1333333333333258
    ],
    "average_fitness": 19.981834311797815
  },
  "DE_RANDOM_Happy Cat": {
    "average_best": [
      -1.0607100808387302,
      -1.0053294399988824,
      -1.0044144785828186,
      -0.9163645963577522,
      -1.0000532534701525,
      -0.9641514696540843,
      -1.0134645294901976,
      -0.8835874323080698,
      -0.9086739750137098,
      -0.9533237609356959
    ],
    "average_fitness": 0.03338483771314456
  },
  "DE_RANDOM_Michalewicz": {
    "average_best": [
      -6.44879301170065,
      -26.829061346757097,
      -23.340827745648237,
      14.735452247953509,
      -12.01822365464368,
      8.706619429042716,
      -47.26347427568534,
      -5.7041561435930195,
      0.4224548523696775,
      10.934603071437811
    ],
    "average_fitness": -8.391496223686817
  },
  "DE_RANDOM_Periodic": {
    "average_best": [
      -1.3626244466598716,
      -17.535832248056884,
      -11.177912086694072,
      -14.537577811363295,
      -1.3590574472044292,
      8.329006736022873,
      -11.73361830910506,
      -8.06588552052125,
      -1.3503565138095108,
      -15.199930445693129
    ],
    "average_fitness": 1.2416154194899547
  },
  "DE_RANDOM_Perm d, beta": {
    "average_best": [
      1.1814019125363922,
      -0.6109792123006481,
      -0.10097131033157894,
      -0.8209193184776832,
      -0.8397623155599301,
      -1.0767455005456328,
      -1.665511082288924,
      -1.3175514177145038,
      7.1350782288573225,
      9.385018316240368
    ],
    "average_fitness": 498059340805354.44
  },
  "DE_RANDOM_Qing": {
    "average_best": [
      -0.20005223211366902,
      0.4715655929872961,
      0.23081415346391054,
      0.13312956927423727,
      -0.14902423095593822,
      -0.16324610197794318,
      -0.17644301605163265,
      -0.7542831237885641,
      1.3999898291914468,
      0.21079153654680408
    ],
    "average_fitness": 3.993835749047452e-05
  },
  "DE_RANDOM_Quartic": {
    "average_best": [
      -0.009959861355219365,
      0.01778021290074605,
      -0.014126163083448754,
      0.0035741663371553047,
      -0.01850602352109689,
      -0.016604721702757293,
      -0.023955219264613466,
      0.02277811724180244,
      0.013532498914295843,
      0.010892822480032293
    ],
    "average_fitness": 0.010939727372324033
  },
  "DE_RANDOM_Rastrigin": {
    "average_best": [
      0.08217499740734885,
      -0.034010932026702294,
      -0.07201877972146538,
      0.06608975513873029,
      0.08628867119591206,
      -0.008692777908229725,
      -0.10636132992475685,
      0.09659591409848882,
      0.16989346508960732,
      0.09199182668063297
    ],
    "average_fitness": 11.322886808357241
  },
  "DE_RANDOM_Rosenbrock": {
    "average_best": [
      0.4673017550765749,
      0.9978082250627835,
      0.9980923478781809,
      0.9959875446430853,
      0.9932996071655362,
      0.9870017470577399,
      0.9759130219065971,
      0.9577223825455538,
      0.9329932404616282,
      0.9200298953806879
    ],
    "average_fitness": 1.1702715299355961
  },
  "DE_RANDOM_Salomon": {
    "average_best": [
      -0.0333680758842713,
      -0.035544695044306705,
      -0.07642580728173319,
      -0.02525385456109556,
      0.0218283443094388,
      0.08657101859060531,
      0.019889862829073953,
      -0.10199038968861344,
      0.024233280064284202,
      -0.019046218422901027
    ],
    "average_fitness": 0.11524116760283848
  },
  "DE_RANDOM_Schwefel": {
    "average_best": [
      -61.37216472294064,
      -38.92454682370862,
      -50.19793197787347,
      -40.05203347596173,
      -12.00308579771518,
      -44.7801241001147,
      -50.87109877446314,
      -33.74018432164105,
      -39.62537868269431,
      -33.69616416716905
    ],
    "average_fitness": 3615.890566086329
  },
  "DE_RANDOM_Shubert": {
    "average_best": [
      65.95679410394482,
      66.05137549111284,
      62.34600793236233,
      52.90379606232782,
      72.29651542362357,
      52.895259452102806,
      53.92997063241665,
      43.24702993775295,
      49.922734968327774,
      61.29300210468136
    ],
    "average_fitness": -250936.5771540809
  },
  "DE_RANDOM_Shubert N. 3": {
    "average_best": [
      8.926079966279605,
      10.510637219441218,
      -1.9369048525897108,
      2.6139350422324843,
      -10.134869593023954,
      -1.489657268186671,
      -11.62453905059069,
      -13.888180932527385,
      -0.5300909687457268,
      3.123630393925221
    ],
    "average_fitness": -136.96963324066348
  },
  "DE_RANDOM_Shubert N. 4": {
    "average_best": [
      2.9469932706238002,
      -13.507928122654022,
      10.101342256086182,
      -6.742299287663714,
      -14.722846573877023,
      11.957318648255335,
      11.977436810971255,
      -12.057611407073544,
      -5.974274475984873,
      -20.527574664901977
    ],
    "average_fitness": -109.5178669768092
  },
  "DE_RANDOM_Styblinski Tank": {
    "average_best": [
      -2.9035340560475844,
      -2.5268448385101485,
      -2.9035339384350967,
      -2.526844689772297,
      -2.7151893467945425,
      -2.9035339519196572,
      -2.715189301255037,
      -2.3385004638992606,
      -2.3385003119479792,
      -2.715189408522553
    ],
    "average_fitness": -385.5357454499578
  },
  "DE_RANDOM_Thevenot": {
    "average_best": [
      -2.77943691048223,
      -0.3265443892269682,
      -0.6035183899899579,
      5.731216844032592,
      0.7178899440735542,
      -5.800075167030857,
      -0.06398859784132847,
      -6.727099157745758,
      -6.186455570655377,
      8.253250379734148
    ],
    "average_fitness": 0.0
  },
  "DE_RANDOM_CustomFunction": {
    "average_best": [
      0.012332338753815956,
      0.014516572035475406,
      0.014236869461785298,
      0.012602441129214508,
      0.01296211803238947,
      0.013228976020072973,
      0.012903932060174839,
      0.013656718665420443,
      0.012708962101352956,
      0.014165277614472416
    ],
    "average_fitness": 0.020222225506577138
  },
  "DE_RANDOM_CustomFunction2": {
    "average_best": [
      -0.7390851323268904,
      -0.7390851313214664,
      -0.739085131786536,
      -0.7390851343976844,
      -0.739085134208095,
      -0.7390851341956032,
      -0.7390851355668863,
      -0.73908513048199,
      -0.7390851321359254,
      -0.7390851354965012
    ],
    "average_fitness": -4.004886121133791
  },
  "DE_RANDOM_CustomFunction3": {
    "average_best": [
      -0.2517469927189699,
      -7.936526616952352,
      -4.409479492685582,
      23.8743667475032,
      9.066460735480813,
      -3.7313332602288076,
      -0.49868398240741363,
      6.937931902705333,
      1.3048699160646697,
      -15.8225244218867
    ],
    "average_fitness": 1.0000000163974687
  },
  "DE_RANDOM_CustomFunction4": {
    "average_best": [
      -65.46825819524456,
      -65.66915597306549,
      -64.0218429713432,
      -64.14828516304273,
      -73.34006903812373,
      -70.54284421001454,
      -63.47844869269923,
      -73.81892734148006,
      -71.09765436599893,
      -68.47011499496548
    ],
    "average_fitness": -0.9999998133699459
  },
  "DE_RANDOM_CustomFunction5": {
    "average_best": [
      29.74573357149126,
      20.49567141740653,
      34.95041662133138,
      5.931530688643635,
      15.934369990247834,
      30.58390695819378,
      17.47319533177912,
      24.73888946138294,
      28.194844414438453,
      14.750396517740855
    ],