{
    "SOMA_ATA_Ackley": {
        "average_best": [
            5.146745189197007,
            1.6251893240198219,
            17.093639094620354,
            -0.7113634086575473,
            2.0425577598646973,
            -16.380452263923477,
            6.936988545633886,
            9.51261932333435,
            -10.09880146870289,
            19.906217422682644
        ],
        "average_fitness": 20.456812957402068
    },
    "SOMA_ATA_Happy Cat": {
        "average_best": [
            -0.8215039112674659,
            -0.14891719996685934,
            7.060383899452029,
            1.2672220559682765,
            -2.524546342717851,
            -1.1578876077711888,
            -2.484221260329689,
            -3.0574222870741754,
            -6.024502005847665,
            -4.514731489373537
        ],
        "average_fitness": 3144.2841395664927
    },
    "SOMA_ATA_Michalewicz": {
        "average_best": [
            -0.5776838647934942,
            -1.3237406188439758,
            -2.322901318270795,
            -9.071162409192404,
            -12.026074759034527,
            5.416432927759214,
            2.372902669349989,
            1.4275296124835204,
            -2.0965569268877613,
            -6.659339120898547
        ],
        "average_fitness": -4.229443505313689
    },
    "SOMA_ATA_Periodic": {
        "average_best": [
            -7.269758824437162,
            16.600552586814015,
            6.709421593243779,
            4.77048304395561,
            11.179895460305811,
            6.786824644609833,
            2.2117457918831605,
            -3.709699239935646,
            1.0657606643358568,
            7.41693703452265
        ],
        "average_fitness": 1.9931056839914096
    },
    "SOMA_ATA_Perm d, beta": {
        "average_best": [
            0.1604813414353624,
            -5.4593590646585515,
            0.05448228798277744,
            -6.531363526052536,
            -6.770163175492275,
            3.2948043721453693,
            2.339837175230648,
            9.666734237123638,
            10.418240299240034,
            1.001988927031951
        ],
        "average_fitness": 1.4007823392571758e+33
    },
    "SOMA_ATA_Qing": {
        "average_best": [
            -8.24268498546837,
            -0.6812457081027972,
            0.5410276131366969,
            -2.857522868934528,
            1.6816033718530459,
            0.41226151697321495,
            0.29150468718859035,
            2.8693954112370177,
            2.574419843845818,
            -2.107755178178594
        ],
        "average_fitness": 5528254.117774841
    },
    "SOMA_ATA_Quartic": {
        "average_best": [
            -5.912333589315425,
            -6.271844615689973,
            -1.085136501043867,
            4.08986425575252,
            -4.393542422218218,
            3.653535079867797,
            1.13496210293536,
            9.083337836212388,
            1.2352888062418195,
            -0.8607598888163503
        ],
        "average_fitness": 36383196.41714823
    },
    "SOMA_ATA_Rastrigin": {
        "average_best": [
            -1.2486019113398223,
            -2.385273489757495,
            -7.446931033728457,
            -8.175585803401994,
            2.892196878059662,
            -0.40418124998154237,
            4.858053624134074,
            -11.105019986337345,
            -1.532681029651546,
            3.5428627663560714
        ],
        "average_fitness": 4633.366898441879
    },
    "SOMA_ATA_Rosenbrock": {
        "average_best": [
            -0.8377726214457438,
            -4.459006274403474,
            2.773174197467144,
            1.5761928164761088,
            2.908982477243162,
            2.341713093116942,
            1.9844814383372247,
            0.39241993089018623,
            -2.0819781514512226,
            16.543264593644444
        ],
        "average_fitness": 516899215.7601703
    },
    "SOMA_ATA_Salomon": {
        "average_best": [
            -0.4304768313769055,
            -4.00214269310137,
            -3.0411805601166035,
            4.491395161006304,
            0.16218652829564892,
            -5.187261412038288,
            -7.094897156017786,
            4.5185036431665875,
            -3.684829693523518,
            -9.683370869243856
        ],
        "average_fitness": 6.393979359562135
    },
    "SOMA_ATA_Schwefel": {
        "average_best": [
            58.389689455173986,
            23.229148706664432,
            46.73336670561449,
            39.57944597362726,
            49.35485029413004,
            36.607026441003356,
            46.85045436600264,
            45.30466834303091,
            31.026353493284187,
            56.56270538863289
        ],
        "average_fitness": 3739.2379254062525
    },
    "SOMA_ATA_Shubert": {
        "average_best": [
            -1.7939096676092552,
            1.2737500980125585,
            15.72107872641615,
            -12.971425348925244,
            -6.030931671237829,
            5.226659752978675,
            5.048509349142827,
            9.459405668754018,
            0.8954463566960589,
            -4.512627314239486
        ],
        "average_fitness": -4085.3850324795126
    },
    "SOMA_ATA_Shubert N. 3": {
        "average_best": [
            -4.160807181918951,
            -12.20529087077667,
            8.769295762658947,
            -0.07258919689733527,
            16.156869016135307,
            -13.69385585748339,
            -1.9894205746397338,
            -15.820640062477828,
            -8.109623338012916,
            -7.400922141468902
        ],
        "average_fitness": -79.53186370395224
    },
    "SOMA_ATA_Shubert N. 4": {
        "average_best": [
            7.432631589506794,
            -3.35082848394006,
            4.678750291725802,
            -10.024782102337754,
            5.219211646722621,
            19.216513356395815,
            2.960805317040882,
            -4.136600101639295,
            -2.703546895161453,
            -1.5796698780292109
        ],
        "average_fitness": -70.68378259404622
    },
    "SOMA_ATA_Styblinski Tank": {
        "average_best": [
            1.7394474438535878,
            4.0618156422936424,
            6.066198428823444,
            -4.258979741512907,
            2.5105127462213734,
            -0.3805122636484098,
            1.670905044126467,
            -2.0299412946102056,
            -6.075149640944308,
            4.5002221718150945
        ],
        "average_fitness": 3756077.0702209515
    },
    "SOMA_ATA_Thevenot": {
        "average_best": [
            -12.663088355138454,
            5.9651578658912285,
            -13.962342632676009,
            1.5062641466025903,
            -10.2882083240313,
            14.390795161051257,
            -2.0562197988387214,
            0.6900439223615611,
            10.397191994789175,
            3.929962326232364
        ],
        "average_fitness": 0.0
    },
    "SOMA_ATA_CustomFunction": {
        "average_best": [
            -0.7387823637002254,
            2.942749650143514,
            2.571642173482119,
            1.7117071793584024,
            -3.552052470093672,
            2.0641018873265726,
            -1.9856159311732204,
            0.9257657224782477,
            0.41160513154330136,
            -2.571594455836075
        ],
        "average_fitness": 3834.115408500454
    },