{
    "SOMA_AT1_Ackley": {
        "average_best": [
            -10.960610752412018,
            5.772517986714307,
            9.8944697939146,
            0.731672901183998,
            -8.49983024175326,
            6.61649647919827,
            -7.894718032365122,
            -3.3480541156395076,
            -9.74225719553748,
            -3.552042403746059
        ],
        "average_fitness": 15.253097791124864
    },
    "SOMA_AT1_Happy Cat": {
        "average_best": [
            -0.9326744313822337,
            -1.0152616994279644,
            -0.8322439169979156,
            -0.8967412014686224,
            -0.7615502592206141,
            -0.8249335284245772,
            -0.8080408806311511,
            -1.041831018179367,
            -0.7888583557828482,
            -0.9121313949035589
        ],
        "average_fitness": 0.12565602273885468
    },
    "SOMA_AT1_Michalewicz": {
        "average_best": [
            5.392640012751676,
            -6.620047716761762,
            6.933147626727363,
            -13.503768290195785,
            12.610396831998544,
            -0.5488157334071133,
            12.176350787418752,
            12.777642870802174,
            -15.176338865522983,
            4.482709755358683
        ],
        "average_fitness": -7.919142196579811
    },
    "SOMA_AT1_Periodic": {
        "average_best": [
            -6.069039332306875,
            -19.59066503187769,
            -1.2479923934231616,
            -4.818228042839934,
            2.9408846678004545,
            -3.5814468545406344,
            20.09918026593581,
            -4.8299268443929435,
            2.3026674812020596,
            3.148917526616316
        ],
        "average_fitness": 1.0363779913381603
    },
    "SOMA_AT1_Perm d, beta": {
        "average_best": [
            0.28530368039881693,
            2.0745209858282316,
            -1.4646435206373303,
            -0.5631092212333878,
            0.224874373448957,
            -0.3500441815472873,
            2.392868621540385,
            0.5270426088345124,
            0.3267455237997743,
            1.2754380584762544
        ],
        "average_fitness": 4.629660932306814e+26
    },
    "SOMA_AT1_Qing": {
        "average_best": [
            0.13119390559813524,
            -0.4791118402930377,
            -0.12090099476546433,
            -0.2674642275096804,
            -0.15323278368548185,
            0.16106632402466545,
            0.17576544708800548,
            0.19041902922214385,
            0.8004349764712969,
            -0.6304334366727856
        ],
        "average_fitness": 0.06441931277728989
    },
    "SOMA_AT1_Quartic": {
        "average_best": [
            0.007875461010256232,
            0.09692681900101875,
            -0.02210296416168793,
            -0.05205703198546701,
            0.029905322928660716,
            -0.04291987330671968,
            0.0037379977203777213,
            -0.009638046632096898,
            -0.009780583458260635,
            0.003883266767785567
        ],
        "average_fitness": 0.25915657098672523
    },
    "SOMA_AT1_Rastrigin": {
        "average_best": [
            -0.09502417394110542,
            -0.03236429231659906,
            0.03409805176950488,
            0.19926718136337282,
            -0.09641812806112787,
            -0.0038473146612308983,
            0.06880542204051096,
            0.23401898515357936,
            -0.09926826125218671,
            -0.06980510290258927
        ],
        "average_fitness": 5.086844736284537
    },
    "SOMA_AT1_Rosenbrock": {
        "average_best": [
            0.2636868635982805,
            1.018811338183628,
            1.0086012761071916,
            1.0169150652676244,
            1.0381656662083532,
            1.0066334498894927,
            0.8695033734442553,
            1.4225790007862587,
            3.3576665202733262,
            21.654645826063774
        ],
        "average_fitness": 372.2038796037152
    },
    "SOMA_AT1_Salomon": {
        "average_best": [
            -0.0699957451789756,
            -0.21788016026026946,
            -0.13670133143435412,
            -0.16096013495273834,
            0.13890931750328908,
            0.10277244435416859,
            -0.04853858482755987,
            -0.1461980083440638,
            0.2721411504857079,
            0.06919208723685552
        ],
        "average_fitness": 0.2746190394100518
    },
    "SOMA_AT1_Schwefel": {
        "average_best": [
            65.54234349017398,
            65.55286323047386,
            65.55090154272304,
            65.54524254633971,
            65.54727407675044,
            65.54593105027774,
            65.54774371270004,
            65.54810879164748,
            65.54904720831189,
            65.5506888029827
        ],
        "average_fitness": 3553.4796864292143
    },
    "SOMA_AT1_Shubert": {
        "average_best": [
            -5.746641581060263,
            1.0606450802996221,
            -8.407886680190568,
            -3.158922607466297,
            1.3403800514547086,
            -1.4396002421928396,
            2.100030044690469,
            -12.858323185911198,
            4.477763148076046,
            -12.788822946264103
        ],
        "average_fitness": -2038006.649793877
    },
    "SOMA_AT1_Shubert N. 3": {
        "average_best": [
            -4.263213565656174,
            -2.1468804292749457,
            -0.6632743162005639,
            -5.260178512361182,
            -9.674622681924772,
            9.354642182733341,
            11.884603653084902,
            -5.369733070442499,
            2.070164595555118,
            9.376092311656178
        ],
        "average_fitness": -140.98710020577482
    },
    "SOMA_AT1_Shubert N. 4": {
        "average_best": [
            -6.854047755497201,
            -1.8417828422012514,
            18.58632627600378,
            5.555375467787434,
            -23.79727775669104,
            5.818776904796214,
            2.783972940460238,
            -0.5313509875017365,
            -16.89330346101918,
            8.747482459300302
        ],
        "average_fitness": -119.40581030816251
    },
    "SOMA_AT1_Styblinski Tank": {
        "average_best": [
            -2.1496111082066913,
            -2.518538584218004,
            -2.90842128786077,
            -1.9604484796610067,
            -1.9706814238675727,
            -2.520217535926992,
            -2.533576246566158,
            -2.3323043589824874,
            -2.343587343396034,
            -2.350174010297058
        ],
        "average_fitness": -377.7016668018116
    },
    "SOMA_AT1_Thevenot": {
        "average_best": [
            1.8921381693603163,
            0.04547799171575757,
            2.365602716331546,
            -5.196299901467473,
            5.89476717589393,
            -0.8483257702252343,
            -15.918586068859732,
            3.142233998492636,
            1.3082619728467422,
            -3.3406664156982147
        ],
        "average_fitness": 0.0
    },
    "SOMA_AT1_CustomFunction": {
        "average_best": [
            0.0257634170038332,
            0.02511195078229632,
            0.0676082079287643,
            -0.013620577998263805,
            -0.019667982565238416,
            -0.010540316585503143,
            0.00805310716783911,
            0.003947957839829393,
            0.0496400651572133,
            0.02828764398442455
        ],
        "average_fitness": 0.37899043319448456
    },